{
    "map": {
        "townLatLng": [43.80478427040863, 4.658995550125838],
        "incidentLatLngs": [
            {
                "type": "inondation",
                "latLng": [43.70478427040863, 4.558995550125838]
            }
        ]
    }
}
